Eleftheria_i_thanatos
Geographical_distribution_of_Russian_speakers
Order_of_Mapungubwe
Genetics
Form_of_government
Colosseum
Rock_(geology)
Bronze_Age_(disambiguation)
Member_states_of_the_League_of_Nations
List_of_highest_mountains
Earth_radius
Annalee_Newitz
U.S._Navy_Band
Jack_(flag)
Autonomous_(novel)
Accademia_della_Crusca
Executive_officer
Middle_East
List_of_countries_by_artichoke_production
National_Assembly_of_Tajikistan
Chryselephantine_sculpture
Pompeii
Captain_Michalis
Geneva_Lake
Democracy_(novel)
Delano_Las_Vegas
Military_reserve_force
Vergina_sun
Crete
Mediterranean_(disambiguation)
Lists_of_mountains
Franchthi_Cave
Historical_linguistics
Nationalism_in_the_Middle_Ages
Alexander_the_Great_(disambiguation)
Purchasing_power_parity
Gross_register_tonnage
Xhosa_language
Apricot
3-manifold
Motto
Outline_(list)
Political_economy
President_(corporate_title)
Flag_of_Russia
PhD
Confederation_(disambiguation)
Regional_Italian
Ozolian_Locris
Programming_language_theory
Greek_mythology
Saint_Petersburg_(disambiguation)
Blazon
Sensor_network
Macedonia_(disambiguation)
Architecture
Computer_Science_(UIL)
Pre-Greek_substrate
Government_by_algorithm
Climate
United_States_of_the_Ionian_Islands
De_facto
Alexander_the_Great
Semi-presidential_republic
Flag_of_Cuba
Sanjak_of_Albania
Civil_flag
Coat_of_arms_of_Ukraine
United_Nations_Convention_Against_Torture
Linguistic_reconstruction
Hellenic_Armed_Forces
First-past-the-post_voting
List_of_countries_by_apricot_production
Food_and_Agriculture_Organization_Corporate_Statistical_Database
Summit_(topography)
Supreme_leader
Geographical_distance
Romang_language
Pantheon,_Rome
Emirate_of_Bukhara
Paris
Troy_(disambiguation)
Third_Hellenic_Republic
The_Nation,_Ontario
Geode_(trade_association)
1989_South_African_general_election
Archaic_Greece
Regional_units_of_Greece
Archaeological_site
Hall_of_Mirrors
Unique_identifier
Stalagmite
Romania
Sortition
Byzantine_(disambiguation)
Grecian_(disambiguation)
Harvard_University
Coat_of_arms_of_the_Cook_Islands
Nea_Nikomedeia
Achaea
Tajikistani_somoni
Type_locality_(geology)
Region_(disambiguation)
Balkan_(disambiguation)
Bosnian_language
Doric_order
Administrative_division
History_of_geodesy
Flag_of_Ukraine
Clear_span
Speech_scroll
Dionysus
Fillia_Makedon
Member_states_of_the_United_Nations
Petrograd_(disambiguation)
Lhotse
Conceptual_schema
Overseas_country_of_France
Commonwealth_realm
Armenian_alphabet
Geoinformatics
The_Web_(disambiguation)
National_Anthem_(disambiguation)
Democrat
Switzerland_in_the_Napoleonic_era
Illyrians
Coat_of_arms_of_San_Marino
Unity_is_Strength
Biogenous_sediment
Koine_(disambiguation)
North_Aegean
Ancient_Crete
Politics_of_country_subdivisions
Federation_(disambiguation)
Coat_of_arms_of_Geneva
Plant
Sponsored_top-level_domain
Data_model
Pella_(Thessaly)
Conway_polyhedron_notation
Geode
Emperor_Frederick_II
United_Kingdom
Gov_(disambiguation)
Country_(disambiguation)
Mandatory_Palestine
Ukrainian_Soviet_Socialist_Republic
Gidi_Gov
River_Thames
Liberty_or_death
Pella_(municipality)
Armiger_(disambiguation)
Greek
Palace_of_Versailles
Languages_of_the_Roman_Empire
United_Nations
1999_South_African_general_election
A_mari_usque_ad_mare
Chryselephantine
Delano_South_Beach
Flag_of_Peru
Black_Sea
History_of_Russia
Election
Gaza_Strip
Standard_German
List_of_kings_of_Macedonia
Nation_Mountain
Algorithm
Wellington
Sovereign_Military_Order_of_Malta
Moria_(disambiguation)
Spanish_language
Palestine
List_of_countries_by_barley_production
Arabic_language
Royal_Standard_of_the_United_Kingdom
Mycenaean_Greece
Geneva
House_of_Menander
Albania
Rural_area
Romansh_language
Coat_of_arms_of_Vatican_City
Cavaedium
Lists_of_sovereign_states_and_dependent_territories
Numerical_linear_algebra
Royal_Netherlands_Navy
Alcetas_I_of_Macedon
List_of_counties_in_Alabama
List_of_forms_of_government
State_of_Palestine
Dionysios_Solomos
Geneva_Spur
Pasifika_Festival
Flag_of_San_Marino
Software_development
Count
Christian_nationalism
Supreme_Assembly_(Tajikistan)
Anticipatory_democracy
Whitney_Smith
Palestinian_National_Authority
Justinian_the_Great
Swiss_Confederation_(Napoleonic)
Demographics_of_Kosovo
Triband_(flag)
Heraldry
Administrative_centre
Armenian_language
PIE_(disambiguation)
Belgium_(disambiguation)
Outline_of_political_science
Electoral_system
Scotland_(disambiguation)
Earl
Decentralized_Administration_of_the_Aegean
Plurality_block_voting
City
Palestine_(region)
Justinian_I
Time_series
Arabic_(disambiguation)
Location
Geocode
Elections_by_country
Rhombicosidodecahedron
Monaco-Ville
Lower_house
Regions_of_Greece
Temple
Pella_(disambiguation)
Nigeria
Independent_Albania
Executive_(government)
Asia_Minor
Chemical_formula
Ancient_Greek
Aegae_(Macedonia)
Proto-Indo-European_language
Prehistoric_Greece
History_of_Vatican_City
Tsardom_of_Russia
Particular_Church
Argolis
Unity_makes_strength
Politics
Language_(disambiguation)
National_emblem
Flag_of_Bulgaria
Livadochori,_Lemnos
Classical_Antiquity
Opium_poppy
Gilbert_du_Motier,_Marquis_de_Lafayette
Palaestina_Secunda
Flag_of_Greece
National_emblem_of_North_Macedonia
Ukrainian_language
.gov
Denomination_(currency)
France
Athens_(disambiguation)
Latin
Dutch_language
County
Peace_of_Westphalia
Platonic_solid
Legislature
Greek_flag
Leaflet_(software)
Referendums
Garland
Christianity_in_Vatican_City
Byzantine_architecture
Helois
Coat_of_Arms_of_Greece
Requirement
Napoleonic_Wars
Hellenic_Air_Force
Paraguay,_Cuba
Negev_Desert
Golden_Larnax
Bosnia_(region)
Musala
Eponym
Embassy_of_Germany,_Saint_Petersburg
Argolis_(constituency)
Language_family
Athene_(Cynuria)
Archaeological_culture
Wisconsin
Nazarene_movement
Geodetic_coordinates
Federation_of_Arab_Republics
GEOID
Imperial_Guard_(Napoleon_I)
National_flag
Eastern_Orthodox_Church
Russian_Imperial_Standard
Administrative_regions_of_Greece
Languages_of_Greece
Temple_of_Athena_(disambiguation)
Albanian_Principalities
Tinsel
Rechtsstaat
State_ensign
Kiritimati
Official_residence
Languages_of_Kosovo
Country_(identity)
Monaco
Balkans
Tajikistan
Flat_Earth
Tabacco_(disambiguation)
United_States
Countryside_(disambiguation)
North_Africa
Ankara
Geoid
Monarch
Geographic_regions_of_Greece
Politics_of_present-day_states
Peabody,_Massachusetts
North_Macedonia
President_(government_title)
Flag_of_North_Macedonia
Hellenic_Republic_(disambiguation)
Versailles_(disambiguation)
Unitary_state
Aegean_Islands
Nation_River_(British_Columbia)
Archaeology
Albania_(disambiguation)
Denes_nad_Makedonija
Model_of_computation
List_of_administrative_divisions_by_country
Pallas_Athena_(disambiguation)
Web_application
Alepotrypa_Cave
Literal_translation
Romanian_language
Ancient_Greece
Ecuador
Regime_of_the_Colonels
List_of_U.S._state_songs
List_of_vexillologists
Flag_of_Vatican_City
Albanian_principalities
Uniform_star_polyhedron
Harold_Scott_MacDonald_Coxeter
L1_speakers
Ecclesia_(ancient_Athens)
Nelson_Mandela
Dushanbe
Majoritarian_representation
Parthenon
Persian_Wars_(disambiguation)
Archimedean_solid
Two-round_system
Address_geocoding
Macedon_railway_station,_Victoria
Eurasia
Aegean_civilization
Empress_dowager
Indonesia
Vergina_Sun
Greek_language
Cappadocian_Greek
Mandela_(disambiguation)
Modern_flat_Earth_beliefs
Australia
List_of_current_heads_of_state_and_government
Yoruba_people
Indo-European_(disambiguation)
Greece
Polity
Lake_Geneva
Denarius
Plurality_voting
Danube
Chrysler_Building
Macedonia_(ancient_kingdom)
Flag_of_the_Cook_Islands
Geotagging
Switzerland_Township,_Monroe_County,_Ohio
National_Archaeological_Museum,_Athens
League_of_Nations_mandate
Russkaya_Pravda
Sybaris
Territory
Minoan_civilization
Democrat_(disambiguation)
First_Hellenic_Republic
Neolithic
Intergovernmental_organization
Parliamentary_confidence
Code
2011_Australian_census
List_of_largest_producing_countries_of_agricultural_commodities
Communes_of_France
Table_of_World_Heritage_Sites_by_country
West_Asia
MENA
Stoa_of_Attalos
William_Crampton
Geophysics
Macedon_(disambiguation)
Turkey
Coat_of_arms_of_Russia
Constitution_of_the_Athenians_(Aristotle)
Type_site
2016_Australian_census
Serbia
Vexillology
Presidential_Mansion,_Athens
Geneva_(disambiguation)
Requirements_analysis
Koine_Greek
National_colours
Democracy
Italiano_(disambiguation)
Parthenon_(disambiguation)
Flag_of_Turkey
Ayni_Opera_and_Ballet_Theatre
Countries_of_the_United_Kingdom
Ensign,_Alberta
Quartz
Magna_Graecia
Flag_of_the_Palestinian_National_Authority
Truncated_icosidodecahedron
French_Imperial_Eagle
Albanian_language
President_of_Greece
Canada_Dock
Geography_of_Greece
Good_governance
Geode_(disambiguation)
Vincenzo_Italiano
Grecian
Century_of_Progress
Indo-European
The_World_(archipelago)
Ladin
Aegean_Sea_(theme)
Monarchism
Seifert_fiber_space
Prince_Charles_(disambiguation)
Treaty_of_Versailles
Self-governance
Troy_VIII
Flag_of_Canada
Second_Hellenic_Republic
IMO_number
Republic_of_Turkey
Swiss_Confederation
Democracy_indices
Shirinsho_Shotemur
Wythoff_symbol
Alepotrypa_cave
Flag_of_France
Geographic_coordinate_system
Geodynamics
Lists_by_country
Athens
Cephalonia
Streamliner
Franz_Hanfstaengl
Indo-European_languages
Athena_Parthenos
Astronomy
Knot
Amyntas_I_of_Macedon
Ratification
Transom_(nautical)
Byzantine_Greeks
Diocese
Languages_of_Albania
Nuptse
History_of_Greece
Roman_Empire
Government_(disambiguation)
Constitutional_monarchy
Greeks
Unincorporated_area
United_Nations_(disambiguation)
Pericles
Politics_of_Greece
Balto-Slavic_languages
Macedon,_Victoria
Philip_II_of_Macedon
Canton_of_Geneva
Autotomy
Constitutional_history_of_Greece
Tree_model
Germany_(disambiguation)
Federal_Amateur_Hockey_League
Coat_of_arms_of_Bulgaria
List_of_kings_of_Macedon
Languages_of_Montenegro
State_church
Direct_election
Tricolour_(flag)
Vergina
U.N._(group)
Computer_science
Europe_(disambiguation)
Monarchy_of_the_United_Kingdom
State_flag
Mercurial
Mountain_range
Democratic_Party_(Cyprus)
Belgium_(town),_Wisconsin
Ensign_(flag)
Cook_Islands
Canada
Municipalities_of_Switzerland
Greene_County,_Alabama
Bronze_Age
Macedon
Uniform_polyhedron
Pedestal
Continuous_function
Palestinian_enclaves
Italiana_(album)
Genetic_relationship_(linguistics)
Purchasing_power
Greek_junta
Central_Macedonia
Switzerland_(disambiguation)
Regional_language
VLSI
Supraglacial_lake
Kosovo
Togo
League_of_Nations
Greco_Deco
St._Petersburg,_Florida
Military_base
Aegean_Sea
Doric_Greek
Head_of_state
South_Australia
Arabic
Nationalist_(disambiguation)
Tablinum
Figure_of_the_Earth
Index_of_politics_articles
Citadel
Flags_and_arms_of_cantons_of_Switzerland
Coxeter_diagram
Excellency
List_of_countries_by_apple_production
Style_(form_of_address)
Software_release_life_cycle
Strategos
Coxeter
Nation_state
Grenadier
County_(Taiwan)
Classical_Greece
Euler_characteristic
Paraguay
Population_of_the_Byzantine_Empire
Constitution_of_Greece
Written_language
Sea
1994_South_African_general_election
Armiger
Data_modeling
Athene_(disambiguation)
National_Assembly_of_South_Africa
Cook_Island
Ancient_Greek_dialects
Language
Material_culture
Governance
Lake_Geneva_(Minnesota)
List_of_states_with_limited_recognition
Lambda
Micronation
Mount_Everest
Achaemenid_Macedonia
Russia
Acropolis
Canada_House,_Sheffield
French_language
Bulgaria
Roundness_(geology)
Presidential_system
Greece_(disambiguation)
Switzerland,_Florida
Nation
Asos
Ship
Statue
Le_Louvre_des_Antiquaires
Scotch_marine_boiler
Regions_of_ancient_Greece
Hikitia
Neolithic_Greece
Country
Flag_of_Macedonia
Tonne
Scotland
Geode_Capital_Management
Dependent_territory
Cantons_of_France
Frederick_Kindleberger_Stone_House_and_Barn
Coats_of_arms_of_the_Holy_See
Theme_(country_subdivision)
Paraguay_(disambiguation)
Proto-Greek_language
Germanium
Canada_House_(Berlin)
Arcadian_League
Programmer
Stripped_Classicism
Southern_Africa
Pella,_Jordan
Topographic_prominence
Bulgar_language
World_Leaders
Silicate_mineral
European_Union
Vatican_Museums
Lake_Geneva_(disambiguation)
Macedon_railway_station
By-election
Computer_programming
Smokebox
Belgium
Monaco_(disambiguation)
Pella
Latin_(disambiguation)
Ecclesia_(ancient_Greece)
Mediterranean_sea_(oceanography)
Autonomy
Sedimentary_rock
Cook_Islands_(disambiguation)
Geneva,_Alabama
Bad_governance
Greco-Persian_Wars
Confederation
Himni_i_Flamurit
Swiss_Confederation_(disambiguation)
Democracy_(disambiguation)
Glacial_lake
Orlando_Ferguson
Classical_antiquity
Anthem_of_the_21st_of_April
Achaean_Doric_Greek
International_Federation_of_Vexillological_Associations
History_of_the_Hellenic_Republic
Art_Deco
Lum_Choar
Arcadian_Greek
Classical_architecture
Washington_Navy_Yard
Districts_of_Switzerland
Rome
Troy
Federation
Romanesco_dialect
Cook_Islands_Federation
Ancient_Greek_language
Direct_democracy
Elongated_square_gyrobicupola
Spherical_Earth
Politics_by_country
Athena
UN_(disambiguation)
President_of_Cuba
Vexillological_symbol
Peter_von_Cornelius
Ukraine
Russia_(disambiguation)
Capital_city
Federated_state
Ministry_(collective_executive)
El_Djem
Modern_Greek
Tobacco
Anatolia
South_Col
List_of_territorial_disputes
San_Marino
Athene_(bird)
Nation_Peak
Morality
Majority_rule
Ecuador_(disambiguation)
Attica
Albanian_culture
Argead_dynasty
Flat_Earth_(disambiguation)
Computer_science_(disambiguation)
Palace_of_the_Nation_(Dushanbe)
Artichoke
Robes_of_the_British_peerage
Allies_of_World_War_II
Italy
Stern
Ancient_Greek_religion
Nationalist_Party_(Iceland)
The_Citadel
Doric_dialect_(Scotland)
Philipp_Foltz
Charles_III
Barbes
Southern_Europe
Religion_in_ancient_Greece
De_jure
Indirect_election
Cook_Island_(disambiguation)
Human_rights_in_Greece
List_of_international_rankings
Germany
List_of_Russian_flags
Victoria_(Australia)
Art_Deco_(disambiguation)
Ukraine_(disambiguation)
County_(disambiguation)
Vegetation
World_Wide_Web
Poliochne
Government
Flag
Sovereign_(British_coin)
Autonomous_administrative_division
Coat_of_arms_of_Monaco
Florence_Cathedral
Countryside
Liberal_democracy
Russian_language
Geomatics
Helladic_chronology
Cyprus
Map
National_church
Bulgarian_language
Proto-Indo-European
Arlington,_Massachusetts
Demarchy
Greek_(disambiguation)
Art_Deco_in_the_United_States
The_World_is_Round_(disambiguation)
Saint_Petersburg
Coat_of_arms_of_Palestine
Geodesy
Macedonia_(region)
National_Anthem_(2003_film)
Pnyx
List_of_sovereign_states
Graph_algorithm
Ensign_(disambiguation)
Personification
Food_and_Agriculture_Organization
History_of_democracy
Greater_Middle_East
Paris_(disambiguation)
Cantons_of_Switzerland
Paleolithic
Obverse_and_reverse
Athena_(disambiguation)
National_parish
Beam_(structure)
Maritime_flag
Defacement_(flag)
Flag_of_Italy
London
German_language
Second_Temple_of_Hera_(Paestum)
Districts_of_Afghanistan
Equator
Ton
Ancient_Macedonians
Paramount_Leader
Bay_laurel
Athenian_democracy
Southeastern_Anatolia_Region
Trapeza,_Crete
Dina_Boluarte
Attic_Greek
Naskh_(script)
Anatolia_(disambiguation)
Athenian_(disambiguation)
Industrial_unionism
System_of_measurement
Ancient_Macedonian_language
Algebraic_topology
Diplomatic_mission
Coat_of_arms_of_Albania
Arcadocypriot_Greek
Territory_(disambiguation)
List_of_ancient_Greek_tribes
Artifact_(archaeology)
Parliamentary_republic
Hymn_to_Liberty
Palace_of_Nations
Achievement_(heraldry)
United_States_Navy_Band
Official_language
Nation_(disambiguation)
Arc_measurement
Flag_of_Paraguay
Eastern_Christianity
Mediterranean_Sea
Macedonia
Region
Ancient_Agora_Museum
Coat_of_arms_of_Greece
Languages_of_Italy
Unicameralism
Katerina_Sakellaropoulou
His_Excellency
U.S._state
Mainland_Greece
European_Convention_on_Human_Rights
National_ensign
Proto-Indo-Europeans
George_W._Hart
Vatican_City
Liberty_or_Death_(disambiguation)
Helios
Bulgaria_(disambiguation)
Europe
Latin_language
Ensign
Knossos
Flag_of_Estonia
Regions_of_Greece_(disambiguation)
Hellenic_languages
Nationalism
Cappadocian_Greeks
Pie
Byzantine_Empire
Macedonia_(Greece)
Tajik_language
Mycenaean_Greek
History_of_modern_Greece
Typology_(archaeology)
Attic_Greek_language
Proto-language
Pie_(disambiguation)
Crete_(disambiguation)
Human_rights_in_Afghanistan
NASA
Yoruba_language
Munich
Triangle
Epirus
Acropolis_of_Athens
Walworth_County,_Wisconsin
Makedon_(mythology)
President_of_the_Council_of_State
Turkish_language
Germanic_languages
Nations_League_(disambiguation)
Employment
Greek_Revolution
Calque
Indo_people
Mytilene
Barbes_(disambiguation)
United_Nations_(band)
National_Archaeological_Museum_of_Athens
Convention_Relating_to_the_Status_of_Refugees
Spatial_reference_system
Greeks_(disambiguation)
Gross_tonnage
Paisley,_Renfrewshire
Cook_Island_(New_South_Wales)
Holy_See
Ethnic_groups
National_anthem
Geometry
Macedonian_language
Very_High_Speed_Integrated_Circuit
Ligurian_(Romance_language)
Head_of_state_(disambiguation)
Vascular_plant
Shughnon_District
Turkey_(bird)
Switzerland
Cyprus_(disambiguation)
Thebes,_Greece
Greek_Dark_Ages
Iran
Medieval_Greek
Victoria_(state)
Pericles_with_the_Corinthian_helmet
Houston
Pelasgians
Plinth
Flag_of_Macedonia_(Greece)
State_religion
Repository_(version_control)
Christianity_in_Europe
Sovereign_state
Irreligion
Ensign_(rank)
Analysis
General_ticket
Cretan_Greek
Policy
Italian_language
Balkan,_Kentucky
Canada_(disambiguation)
Democracy_(newspaper)
Order_of_Canada
Computer_Science
