Central_Macedonia	Greece
Greece	Flag_of_Greece
Flag_of_Greece	National_flag
National_flag	French_Imperial_Eagle
French_Imperial_Eagle	Le_Louvre_des_Antiquaires
Central_Macedonia	Macedonia_(disambiguation)
Macedonia_(disambiguation)	Macedonia_(ancient_kingdom)
Macedonia_(ancient_kingdom)	Vergina_Sun
Vergina_Sun	Philip_II_of_Macedon
Philip_II_of_Macedon	List_of_kings_of_Macedon
List_of_kings_of_Macedon	List_of_kings_of_Macedonia
Central_Macedonia	Administrative_regions_of_Greece
Administrative_regions_of_Greece	Greece
Greece	Geographic_coordinate_system
Geographic_coordinate_system	Spatial_reference_system
Spatial_reference_system	Geodynamics
Central_Macedonia	Geographic_coordinate_system
Geographic_coordinate_system	Geodesy
Geodesy	Geographical_distance
Geographical_distance	History_of_geodesy
History_of_geodesy	Figure_of_the_Earth
Central_Macedonia	List_of_sovereign_states
List_of_sovereign_states	Dependent_territory
Dependent_territory	Autonomous_administrative_division
Autonomous_administrative_division	Autonomy
Macedonia_(disambiguation)	Macedonia_(region)
Macedonia_(region)	Bulgarian_language
Bulgarian_language	Ukraine
Ukraine	Coat_of_arms_of_Ukraine
Coat_of_arms_of_Ukraine	Armiger
Administrative_regions_of_Greece	Regions_of_Greece_(disambiguation)
Regions_of_Greece_(disambiguation)	Regions_of_Greece
Regions_of_Greece	North_Aegean
North_Aegean	Greece
Greece	Greece_(disambiguation)
Geodesy	History_of_geodesy
History_of_geodesy	Geoid
Geoid	Geomatics
Administrative_regions_of_Greece	Regions_of_Greece
Regions_of_Greece	Greece
Geographic_coordinate_system	Geodynamics
Geodynamics	History_of_geodesy
Geoid	Geodesy
List_of_sovereign_states	Palace_of_Nations
Palace_of_Nations	Switzerland
Switzerland	German_language
German_language	Germanium
Geodynamics	Geographical_distance
Geographical_distance	Geoid
Geodesy	Geoid
Geoid	History_of_geodesy
History_of_geodesy	Geographical_distance
Geographical_distance	Geodetic_coordinates
Macedonia_(disambiguation)	Macedonia
Macedonia	Macedonia_(ancient_kingdom)
Macedonia_(ancient_kingdom)	Pella
Pella	Greece
Greece	Greek_language
Greece_(disambiguation)	Mycenaean_Greece
Mycenaean_Greece	Mainland_Greece
Geodesy	Geomatics
Geomatics	Geographical_distance
List_of_sovereign_states	Lists_of_sovereign_states_and_dependent_territories
Lists_of_sovereign_states_and_dependent_territories	Nation
Nation	Nationalism
Nationalism	Nationalism_in_the_Middle_Ages
Nationalism_in_the_Middle_Ages	National_colours
Greece_(disambiguation)	Prehistoric_Greece
Prehistoric_Greece	History_of_Greece
History_of_Greece	History_of_modern_Greece
Regions_of_Greece_(disambiguation)	Regions_of_ancient_Greece
Regions_of_ancient_Greece	Ancient_Greece
Ancient_Greece	Parthenon
Parthenon	Pantheon,_Rome
Greek_language	Proto-Greek_language
Proto-Greek_language	Proto-Indo-European
Proto-Indo-European	PIE_(disambiguation)
PIE_(disambiguation)	Pie
Macedonia_(ancient_kingdom)	Aegae_(Macedonia)
Aegae_(Macedonia)	Amyntas_I_of_Macedon
Geoid	Geodynamics
Geodynamics	Figure_of_the_Earth
Figure_of_the_Earth	Geomatics
Spatial_reference_system	Geomatics
Geomatics	Geoinformatics
Geoinformatics	Computer_programming
Regions_of_Greece	Unitary_state
Unitary_state	Democracy
Democracy	Democracy_(disambiguation)
Figure_of_the_Earth	Geodynamics
Dependent_territory	List_of_forms_of_government
List_of_forms_of_government	Demarchy
Demarchy	Sortition
Greek_language	Medieval_Greek
Medieval_Greek	Modern_Greek
Modern_Greek	Turkey
Turkey	Flag_of_Turkey
Palace_of_Nations	Geneva
Geneva	Canton_of_Geneva
Canton_of_Geneva	French_language
French_language	Belgium
Greek_language	Mycenaean_Greek
Mycenaean_Greek	Achaean_Doric_Greek
Achaean_Doric_Greek	Sybaris
Macedonia_(ancient_kingdom)	Macedon_(disambiguation)
Macedon_(disambiguation)	Macedon
Geneva	Geographic_coordinate_system
Geographic_coordinate_system	Geomatics
Geomatics	Geodesy
Democracy_(disambiguation)	Democracy_(newspaper)
Geographical_distance	Geodesy
Geodesy	Figure_of_the_Earth
Macedonia_(region)	Geographic_coordinate_system
Bulgarian_language	Bulgaria
Regions_of_Greece	Regions_of_Greece_(disambiguation)
Regions_of_ancient_Greece	Greek_Dark_Ages
Geodynamics	Geomatics
Macedonia	Macedonia_(region)
Geomatics	History_of_geodesy
Greece	Hellenic_Republic_(disambiguation)
Hellenic_Republic_(disambiguation)	Athenian_democracy
Regions_of_Greece_(disambiguation)	Geographic_regions_of_Greece
Geographic_regions_of_Greece	Politics_of_Greece
Politics_of_Greece	Constitution_of_Greece
Constitution_of_Greece	Coat_of_arms_of_Greece
Lists_of_sovereign_states_and_dependent_territories	Lists_by_country
Lists_by_country	List_of_current_heads_of_state_and_government
List_of_current_heads_of_state_and_government	Presidential_system
Unitary_state	Government
Government	Government_(disambiguation)
Government_(disambiguation)	Ministry_(collective_executive)
Geomatics	Geodynamics
Lists_of_sovereign_states_and_dependent_territories	List_of_international_rankings
List_of_international_rankings	List_of_largest_producing_countries_of_agricultural_commodities
List_of_largest_producing_countries_of_agricultural_commodities	Climate
Spatial_reference_system	Rhombicosidodecahedron
Flag_of_Greece	National_ensign
National_ensign	Hikitia
Hikitia	IMO_number
IMO_number	Gross_tonnage
Macedonia_(region)	Macedonian_language
Macedonian_language	Greece
Greek_language	Koine_Greek
Koine_Greek	Medieval_Greek
History_of_geodesy	Geodesy
List_of_international_rankings	List_of_countries_by_artichoke_production
Prehistoric_Greece	History_of_modern_Greece
History_of_modern_Greece	Helladic_chronology
Helladic_chronology	Thebes,_Greece
Geodynamics	Earth_radius
Macedonia_(region)	Greek_language
Proto-Greek_language	Ancient_Greek_dialects
Switzerland	French_language
French_language	Monaco
List_of_sovereign_states	Member_states_of_the_United_Nations
Member_states_of_the_United_Nations	Member_states_of_the_League_of_Nations
Member_states_of_the_League_of_Nations	Ecuador
Rhombicosidodecahedron	Archimedean_solid
Archimedean_solid	Truncated_icosidodecahedron
Truncated_icosidodecahedron	Coxeter_diagram
Hikitia	Wellington
Macedonia_(region)	Albanian_language
Albanian_language	Languages_of_Greece
Languages_of_Greece	Cappadocian_Greek
Cappadocian_Greek	Cappadocian_Greeks
Lists_of_sovereign_states_and_dependent_territories	Country
Country	Sovereign_state
Sovereign_state	Politics
Politics	Outline_of_political_science
Lists_by_country	Elections_by_country
Aegae_(Macedonia)	Ancient_Greek_language
Ancient_Greek_language	Ancient_Greek
Pella	Cavaedium
Cavaedium	Clear_span
Clear_span	Beam_(structure)
Member_states_of_the_United_Nations	Vatican_City
Vatican_City	Holy_See
Holy_See	Latin_language
Geomatics	Geoid
Geoid	Geode
Geode	Geode_(disambiguation)
Koine_Greek	Greeks
Greeks	Grecian_(disambiguation)
Greece_(disambiguation)	Ancient_Greece
Ancient_Greece	Acropolis
Acropolis	Acropolis_of_Athens
Acropolis_of_Athens	Table_of_World_Heritage_Sites_by_country
Flag_of_Greece	Greek_language
Member_states_of_the_United_Nations	Holy_See
Holy_See	Flag_of_Vatican_City
Palace_of_Nations	Palace_of_the_Nation_(Dushanbe)
Palace_of_the_Nation_(Dushanbe)	Geographic_coordinate_system
Macedonia	Macedonia_(Greece)
Macedonia_(Greece)	Geographic_coordinate_system
Rhombicosidodecahedron	Uniform_polyhedron
Uniform_polyhedron	Platonic_solid
Platonic_solid	Geometry
Greek_language	Ancient_Greek
Ancient_Greek	List_of_ancient_Greek_tribes
List_of_ancient_Greek_tribes	Balto-Slavic_languages
History_of_geodesy	Geodynamics
Unitary_state	List_of_forms_of_government
List_of_forms_of_government	Government
List_of_forms_of_government	Direct_democracy
Direct_democracy	Switzerland
Hellenic_Republic_(disambiguation)	Second_Hellenic_Republic
Second_Hellenic_Republic	Geographic_coordinate_system
Pella	Pella_(disambiguation)
Member_states_of_the_United_Nations	Cook_Islands
Cook_Islands	Coat_of_arms_of_the_Cook_Islands
Ancient_Greek	Parthenon
Parthenon	Classical_architecture
Cook_Islands	Cook_Islands_(disambiguation)
Cook_Islands_(disambiguation)	Cook_Island_(disambiguation)
Cook_Island_(disambiguation)	Cook_Island_(New_South_Wales)
Greece_(disambiguation)	Greek_Dark_Ages
Greek_Dark_Ages	History_of_Greece
Proto-Indo-European	Proto-Indo-European_language
Pella	Europe
Europe	Christianity_in_Europe
Christianity_in_Europe	Christianity_in_Vatican_City
Macedonia	North_Macedonia
North_Macedonia	Macedonian_language
Geographic_regions_of_Greece	Constitutional_history_of_Greece
Greece_(disambiguation)	Neolithic_Greece
Neolithic_Greece	Alepotrypa_cave
Lists_by_country	Politics_of_present-day_states
Politics_of_present-day_states	Politics
Member_states_of_the_League_of_Nations	Treaty_of_Versailles
Treaty_of_Versailles	Ratification
Autonomy	Autonomous_(novel)
Autonomous_(novel)	Annalee_Newitz
Ancient_Greek	Classical_Greece
Albanian_language	Languages_of_Kosovo
Geodynamics	Geodesy
Figure_of_the_Earth	History_of_geodesy
Lists_by_country	Sovereign_state
Vatican_City	Italian_language
Italian_language	Switzerland
Switzerland	Switzerland_(disambiguation)
Government	Executive_(government)
Geoid	GEOID
GEOID	Code
Spatial_reference_system	Geodesy
Geode	Ancient_Greek_language
Geodesy	Geodynamics
Regions_of_ancient_Greece	Classical_Greece
Classical_Greece	Ancient_Greece
Greek_Dark_Ages	Ancient_Greece
Ancient_Greece	Athens
Athens	Athens_(disambiguation)
Geoinformatics	Web_application
Macedonia_(ancient_kingdom)	Ancient_Macedonian_language
Ancient_Macedonian_language	Language_family
Language_family	Proto-language
Dependent_territory	Democracy
Democracy	Nelson_Mandela
Regions_of_ancient_Greece	Greeks
Greeks	United_States
GEOID	Address_geocoding
Rhombicosidodecahedron	Wythoff_symbol
Wythoff_symbol	Coxeter
Coxeter	Order_of_Canada
North_Macedonia	Geographic_coordinate_system
Member_states_of_the_United_Nations	State_of_Palestine
State_of_Palestine	Arabic_language
Arabic_language	Arabic
Arabic	Naskh_(script)
Nationalism	Industrial_unionism
North_Macedonia	Flag_of_North_Macedonia
Flag_of_North_Macedonia	National_emblem_of_North_Macedonia
Flag_of_Greece	Vexillological_symbol
Vexillological_symbol	Whitney_Smith
Hellenic_Republic_(disambiguation)	Greek_junta
Greek_junta	History_of_the_Hellenic_Republic
List_of_sovereign_states	Geneva
Canton_of_Geneva	Geneva_(disambiguation)
Koine_Greek	Koine_(disambiguation)
Koine_(disambiguation)	Yoruba_language
Macedonian_language	Bulgaria
Athenian_democracy	Ecclesia_(ancient_Athens)
Ecclesia_(ancient_Athens)	Ecclesia_(ancient_Greece)
National_ensign	Ensign_(flag)
Lists_by_country	List_of_administrative_divisions_by_country
National_flag	Flag_of_Cuba
Palace_of_the_Nation_(Dushanbe)	Tajikistan
Tajikistan	Tajik_language
Nation	National_anthem
National_anthem	National_Anthem_(disambiguation)
National_Anthem_(disambiguation)	National_Anthem_(2003_film)
Rhombicosidodecahedron	Euler_characteristic
Euler_characteristic	Algebraic_topology
Computer_programming	Requirements_analysis
Unitary_state	Demarchy
Sortition	Plurality_voting
Geneva	French_language
Monaco	Geographic_coordinate_system
Autonomous_administrative_division	Self-governance
Mycenaean_Greece	Anatolia
Anatolia	Anatolia_(disambiguation)
Athenian_democracy	Philipp_Foltz
List_of_forms_of_government	Liberal_democracy
Liberal_democracy	Anticipatory_democracy
Dependent_territory	Demarchy
Greek_junta	Anthem_of_the_21st_of_April
Anthem_of_the_21st_of_April	Regime_of_the_Colonels
Regime_of_the_Colonels	Athens
Greeks	Greece
List_of_international_rankings	List_of_countries_by_barley_production
List_of_countries_by_barley_production	Tonne
Koine_Greek	Middle_East
Mycenaean_Greek	Crete
Medieval_Greek	Mediterranean_Sea
Mediterranean_Sea	Mediterranean_(disambiguation)
Mediterranean_(disambiguation)	Mediterranean_sea_(oceanography)
History_of_geodesy	Earth_radius
Earth_radius	Geophysics
Geneva	Geneva_(disambiguation)
Geneva_(disambiguation)	Lake_Geneva
Lake_Geneva	French_language
Demarchy	Majoritarian_representation
Majoritarian_representation	First-past-the-post_voting
Hellenic_Republic_(disambiguation)	Third_Hellenic_Republic
Third_Hellenic_Republic	Greek_language
List_of_forms_of_government	Democracy
Democracy	1994_South_African_general_election
1994_South_African_general_election	National_Assembly_of_South_Africa
Greek_Dark_Ages	Archaic_Greece
Macedon_(disambiguation)	Macedon_railway_station,_Victoria
Macedon_railway_station,_Victoria	Macedon_railway_station
Macedon_railway_station	Victoria_(Australia)
Regions_of_Greece	Greek_language
Proto-Greek_language	Hellenic_languages
Hellenic_languages	Anatolia
Vergina_Sun	Helios
Ancient_Macedonian_language	Macedonian_language
Vatican_City	Flag_of_Vatican_City
Flag_of_Vatican_City	Coats_of_arms_of_the_Holy_See
Coats_of_arms_of_the_Holy_See	Armiger
Ancient_Greece	History_of_Greece
History_of_Greece	Pelasgians
Switzerland	Geographic_coordinate_system
Greek_junta	Flag_of_Greece
Holy_See	Geographic_coordinate_system
Macedonian_language	Romania
Romania	Romanian_language
Third_Hellenic_Republic	Coat_of_arms_of_Greece
Macedonia_(Greece)	Flag_of_Macedonia_(Greece)
Flag_of_Macedonia_(Greece)	Greek_language
Vexillological_symbol	International_Federation_of_Vexillological_Associations
International_Federation_of_Vexillological_Associations	London
London	River_Thames
History_of_geodesy	Geomatics
Geomatics	Figure_of_the_Earth
Figure_of_the_Earth	Spherical_Earth
Ancient_Greek_dialects	Achaean_Doric_Greek
Sovereign_state	Index_of_politics_articles
Index_of_politics_articles	Politics_of_country_subdivisions
Cavaedium	House_of_Menander
Dependent_territory	Government
Executive_(government)	Head_of_state
Head_of_state	Dina_Boluarte
Vatican_City	Latin_language
Latin_language	Latin
Latin	Colosseum
Macedonia_(Greece)	Vergina_Sun
Vergina_Sun	Athena
Athena	Athens
Geoinformatics	Computer_Science
Geographical_distance	Earth_radius
Earth_radius	Spherical_Earth
Medieval_Greek	Language_family
Albanian_language	Languages_of_Italy
Languages_of_Italy	Regional_language
Second_Hellenic_Republic	Flag_of_Greece
Mycenaean_Greece	Bronze_Age
Second_Hellenic_Republic	Coat_of_arms_of_Greece
Coat_of_arms_of_Greece	Armiger
Armiger	Armiger_(disambiguation)
Aegae_(Macedonia)	Geographic_coordinate_system
Sortition	Majoritarian_representation
Geode	Quartz
Greeks	Cyprus
Cyprus	Turkish_language
Palace_of_the_Nation_(Dushanbe)	Dushanbe
Figure_of_the_Earth	Flat_Earth
Macedon_(disambiguation)	Makedon_(mythology)
Canton_of_Geneva	Geographic_coordinate_system
Medieval_Greek	Byzantine_Greeks
Proto-Greek_language	Indo-European_languages
Indo-European_languages	Language_family
Mycenaean_Greece	Type_site
Type_site	Archaeology
Lists_of_sovereign_states_and_dependent_territories	Sovereign_state
Index_of_politics_articles	Outline_of_political_science
Outline_of_political_science	Politics
1994_South_African_general_election	1999_South_African_general_election
Autonomous_administrative_division	Territory
Territory	Military_reserve_force
Military_reserve_force	Military_base
Demarchy	Electoral_system
Latin	Rome
Geographical_distance	Geomatics
State_of_Palestine	Geographic_coordinate_system
Greek_Dark_Ages	Minoan_civilization
Minoan_civilization	Knossos
GEOID	Geocode
Ancient_Greek	Greek_(disambiguation)
Greek_(disambiguation)	Greek
1994_South_African_general_election	1989_South_African_general_election
Macedonian_language	North_Macedonia
Archimedean_solid	Elongated_square_gyrobicupola
Elongated_square_gyrobicupola	Triangle
Geographical_distance	Geodynamics
Neolithic_Greece	Franchthi_Cave
Pelasgians	Neolithic_Greece
Vergina_Sun	Troy_VIII
Troy_VIII	Troy
Member_states_of_the_League_of_Nations	Paraguay
Paraguay	Spanish_language
Spanish_language	Language_family
Geneva	Municipalities_of_Switzerland
Municipalities_of_Switzerland	German_language
Greek_(disambiguation)	Greeks
Macedonian_language	Ancient_Macedonian_language
Ancient_Macedonian_language	Indo-European_languages
Country	Country_(disambiguation)
Country_(disambiguation)	Overseas_country_of_France
Overseas_country_of_France	Cantons_of_France
Hikitia	Gross_register_tonnage
Athena	Athene_(disambiguation)
Athene_(disambiguation)	Athene_(bird)
Medieval_Greek	Byzantine_Empire
Democracy	Democrat_(disambiguation)
Second_Hellenic_Republic	History_of_the_Hellenic_Republic
History_of_the_Hellenic_Republic	Athenian_democracy
Hellenic_Republic_(disambiguation)	First_Hellenic_Republic
First_Hellenic_Republic	Geographic_coordinate_system
Electoral_system	Unicameralism
Country_(disambiguation)	Sovereign_state
Geographic_regions_of_Greece	Human_rights_in_Greece
Human_rights_in_Greece	United_Nations_Convention_Against_Torture
Palace_of_Nations	Geographic_coordinate_system
Liberal_democracy	History_of_democracy
History_of_democracy	Denarius
Head_of_state	Head_of_state_(disambiguation)
Modern_Greek	Cyprus
Plurality_voting	Majoritarian_representation
First_Hellenic_Republic	Eleftheria_i_thanatos
Eleftheria_i_thanatos	Greek_language
Greek_(disambiguation)	Proto-Greek_language
Proto-Greek_language	Pre-Greek_substrate
Greek_junta	Hymn_to_Liberty
Municipalities_of_Switzerland	Cantons_of_Switzerland
Cantons_of_Switzerland	Romansh_language
Web_application	World_Wide_Web
World_Wide_Web	The_Web_(disambiguation)
Albanian_language	Languages_of_Albania
Languages_of_Albania	Illyrians
Geodynamics	Geoid
Bulgaria	Unity_makes_strength
Unity_makes_strength	Obverse_and_reverse
Nation	Nation_(disambiguation)
Nation_(disambiguation)	The_Nation,_Ontario
Minoan_civilization	Aegean_Sea
Geographic_regions_of_Greece	Constitution_of_Greece
Coat_of_arms_of_Greece	Greece
Geographic_regions_of_Greece	Regions_of_Greece
Geographical_distance	Figure_of_the_Earth
Figure_of_the_Earth	Geographical_distance
First_Hellenic_Republic	Coat_of_arms_of_Greece
Coat_of_arms_of_Greece	Hellenic_Armed_Forces
Hellenic_Armed_Forces	Hellenic_Air_Force
Geoinformatics	Leaflet_(software)
History_of_Greece	Aegean_civilization
Aegean_civilization	Neolithic_Greece
Byzantine_Greeks	Balkans
Balkans	Europe
Geode_(disambiguation)	Geode_(trade_association)
Geode	Sedimentary_rock
Sedimentary_rock	Roundness_(geology)
Flag_of_Macedonia_(Greece)	Vergina_sun
Ukraine	Flag_of_Ukraine
Flag_of_Ukraine	State_ensign
Country	List_of_states_with_limited_recognition
Makedon_(mythology)	Eponym
State_of_Palestine	Palestine_(region)
Macedonia_(Greece)	Greece
Third_Hellenic_Republic	Eleftheria_i_thanatos
Eleftheria_i_thanatos	Motto
Municipalities_of_Switzerland	Romansh_language
Romansh_language	Languages_of_the_Roman_Empire
Languages_of_the_Roman_Empire	El_Djem
Nelson_Mandela	Mandela_(disambiguation)
North_Macedonia	Albanian_language
Languages_of_Italy	Official_language
Geoinformatics	Map
Direct_democracy	Referendums
Athenian_democracy	Pericles
Treaty_of_Versailles	Palace_of_Versailles
Koine_Greek	Mediterranean_Sea
Mediterranean_Sea	Southern_Europe
Neolithic_Greece	Nea_Nikomedeia
Nea_Nikomedeia	Regional_units_of_Greece
Aegae_(Macedonia)	Achaemenid_Macedonia
Achaemenid_Macedonia	Ancient_Macedonian_language
Ancient_Macedonian_language	Hellenic_languages
Macedon_(disambiguation)	Macedon,_Victoria
Macedon,_Victoria	2016_Australian_census
Mycenaean_Greece	Aegean_Sea
Albanian_language	Languages_of_Montenegro
Romansh_language	Romanesco_dialect
Crete	Geographic_coordinate_system
Politics_of_Greece	President_of_Greece
President_of_Greece	Katerina_Sakellaropoulou
Palace_of_the_Nation_(Dushanbe)	Shirinsho_Shotemur
Nelson_Mandela	Order_of_Mapungubwe
Alepotrypa_cave	Alepotrypa_Cave
Europe	Europe_(disambiguation)
Ensign_(flag)	Ensign_(disambiguation)
Second_Hellenic_Republic	Hymn_to_Liberty
Ancient_Greece	Athena
Indo-European_languages	North_Africa
Achaean_Doric_Greek	Cephalonia
Cephalonia	Asos
Country	County
County	Count
Count	Empress_dowager
Italian_language	San_Marino
San_Marino	Flag_of_San_Marino
Constitution_of_Greece	Greece
Flag_of_Macedonia_(Greece)	Flag_of_Macedonia
Flag_of_Macedonia	Flag_of_North_Macedonia
County	Region
Region	Region_(disambiguation)
Achaean_Doric_Greek	Magna_Graecia
Geneva_(disambiguation)	Geneva_Lake
Geneva_Lake	Walworth_County,_Wisconsin
French_language	France
Bulgaria	Coat_of_arms_of_Bulgaria
Flag_of_North_Macedonia	National_flag
National_flag	Royal_Standard_of_the_United_Kingdom
Anthem_of_the_21st_of_April	Greek_language
List_of_states_with_limited_recognition	List_of_territorial_disputes
Geneva_(disambiguation)	Geneva,_Alabama
Geneva,_Alabama	Geographic_coordinate_system
Geneva_Lake	Geographic_coordinate_system
History_of_Greece	Nation_state
Macedonian_language	Albania
Hellenic_languages	Italy
State_of_Palestine	Palestinian_National_Authority
Palestinian_National_Authority	Flag_of_the_Palestinian_National_Authority
Languages_of_Montenegro	Official_language
Geodesy	Earth_radius
Languages_of_Albania	Independent_Albania
Palace_of_Nations	Stripped_Classicism
Stripped_Classicism	Embassy_of_Germany,_Saint_Petersburg
Embassy_of_Germany,_Saint_Petersburg	Geographic_coordinate_system
Leaflet_(software)	Software_release_life_cycle
Software_release_life_cycle	Software_development
National_flag	Flag_of_France
Politics	Index_of_politics_articles
Mycenaean_Greek	Language_family
Autonomy	Autotomy
Prehistoric_Greece	Nation_state
Macedon	Pella
Geomatics	Earth_radius
Cook_Islands	Geographic_coordinate_system
Makedon_(mythology)	Ancient_Greek_language
Ancient_Greek_language	List_of_ancient_Greek_tribes
Outline_of_political_science	Outline_(list)
Democracy_(disambiguation)	Democracy_(novel)
Type_site	Type_locality_(geology)
Type_locality_(geology)	Rock_(geology)
Byzantine_Greeks	Asia_Minor
Holy_See	Italian_language
Computer_programming	Data_modeling
Data_modeling	Data_model
Geodesy	Geodetic_coordinates
Language_family	Genetic_relationship_(linguistics)
Treaty_of_Versailles	Paris
Paris	Paris_(disambiguation)
Computer_Science	Programming_language_theory
Programming_language_theory	Lambda
Government	Presidential_system
Presidential_system	Constitutional_monarchy
Municipalities_of_Switzerland	Italian_language
Italian_language	Italiano_(disambiguation)
Italiano_(disambiguation)	Vincenzo_Italiano
Palace_of_Versailles	Versailles_(disambiguation)
French_language	Switzerland
Switzerland	Swiss_Confederation_(disambiguation)
Unitary_state	Federation
Ensign_(flag)	Stern
Nationalism	Nationalist_(disambiguation)
Nationalist_(disambiguation)	Nationalist_Party_(Iceland)
Paraguay	Flag_of_Paraguay
Flag_of_Paraguay	Vexillological_symbol
First_Hellenic_Republic	History_of_the_Hellenic_Republic
Geneva,_Alabama	City
Cook_Islands	Cook_Island_(disambiguation)
Geocode	Unique_identifier
Majoritarian_representation	Majority_rule
Cook_Islands	Flag_of_the_Cook_Islands
Flag_of_the_Cook_Islands	United_Kingdom
Dushanbe	Ayni_Opera_and_Ballet_Theatre
Sovereign_state	Outline_of_political_science
Outline_of_political_science	Index_of_politics_articles
Flag_of_Macedonia_(Greece)	Vexillological_symbol
Europe	Irreligion
Neolithic_Greece	Poliochne
Human_rights_in_Greece	European_Convention_on_Human_Rights
Archaic_Greece	Pelasgians
Government	Form_of_government
Geneva_(disambiguation)	Geneva_Spur
Geneva_Spur	South_Col
Regions_of_ancient_Greece	Arcadian_League
Arcadian_League	Classical_Antiquity
Pella_(disambiguation)	Pella_(Thessaly)
Geneva_(disambiguation)	Canton_of_Geneva
Canton_of_Geneva	Coat_of_arms_of_Geneva
Coat_of_arms_of_Geneva	Flags_and_arms_of_cantons_of_Switzerland
State_of_Palestine	Palestine
Palestine	Mandatory_Palestine
Mandatory_Palestine	League_of_Nations_mandate
Ensign_(flag)	Maritime_flag
Maritime_flag	Allies_of_World_War_II
List_of_countries_by_artichoke_production	Artichoke
Artichoke	Plant
PIE_(disambiguation)	Pie_(disambiguation)
Cook_Islands_(disambiguation)	Cook_Islands_Federation
Mycenaean_Greek	Indo-European_languages
Indo-European_languages	Indo-European_(disambiguation)
Stripped_Classicism	Plinth
Plinth	Pedestal
Pedestal	Statue
Country	Rural_area
Rural_area	Countryside_(disambiguation)
Countryside_(disambiguation)	Countryside
Magna_Graecia	Second_Temple_of_Hera_(Paestum)
Grecian_(disambiguation)	Grecian
Geoid	Geographical_distance
North_Macedonia	National_emblem_of_North_Macedonia
Arabic	Arabic_(disambiguation)
Ancient_Greek	Athena_Parthenos
Athena_Parthenos	National_Archaeological_Museum_of_Athens
Bulgaria	Geographic_coordinate_system
Politics_of_Greece	Executive_(government)
Pella	Geographic_coordinate_system
List_of_international_rankings	List_of_countries_by_apricot_production
Nation_(disambiguation)	Nation_River_(British_Columbia)
Nation_River_(British_Columbia)	Canada
Flag_of_North_Macedonia	Vexillological_symbol
Troy_VIII	Geographic_coordinate_system
Ancient_Macedonian_language	Doric_Greek
History_of_the_Hellenic_Republic	Neolithic_Greece
Member_states_of_the_League_of_Nations	United_Nations
United_Nations	French_language
Royal_Standard_of_the_United_Kingdom	United_Kingdom
German_language	Germany
Aegae_(Macedonia)	Vergina
Ecclesia_(ancient_Athens)	Constitution_of_the_Athenians_(Aristotle)
Nation_state	Peace_of_Westphalia
Athena_Parthenos	Literal_translation
Literal_translation	Calque
Macedon_(disambiguation)	Fillia_Makedon
Fillia_Makedon	Numerical_linear_algebra
Numerical_linear_algebra	Continuous_function
Politics	Politics_of_country_subdivisions
History_of_the_Hellenic_Republic	Ancient_Greece
Amyntas_I_of_Macedon	List_of_kings_of_Macedonia
List_of_kings_of_Macedonia	Alexander_the_Great
Eleftheria_i_thanatos	Liberty_or_Death_(disambiguation)
Liberty_or_Death_(disambiguation)	Liberty_or_death
Achaemenid_Macedonia	Vergina
Paraguay	Paraguay_(disambiguation)
Paraguay_(disambiguation)	Paraguay,_Cuba
Hikitia	Paisley,_Renfrewshire
Languages_of_Kosovo	Kosovo
Kosovo	Geographic_coordinate_system
Athena_Parthenos	Chryselephantine
Chryselephantine	Chryselephantine_sculpture
Neolithic_Greece	Trapeza,_Crete
Vatican_City	Geographic_coordinate_system
Middle_East	Greater_Middle_East
Greater_Middle_East	Cyprus
Mycenaean_Greek	Balkans
Balkans	Balkan_(disambiguation)
Balkan_(disambiguation)	Balkan,_Kentucky
Holy_See	Vatican_City
Italian_language	Italy
Sortition	Electoral_system
Vergina_Sun	Golden_Larnax
Golden_Larnax	Alexander_the_Great
Alexander_the_Great	Alexander_the_Great_(disambiguation)
Member_states_of_the_League_of_Nations	League_of_Nations
League_of_Nations	Nations_League_(disambiguation)
Tajik_language	Iran
Stripped_Classicism	Art_Deco
Coats_of_arms_of_the_Holy_See	Emperor_Frederick_II
Geneva_Spur	Lhotse
Lhotse	List_of_highest_mountains
United_Nations	UN_(disambiguation)
Belgium	Geographic_coordinate_system
Mediterranean_Sea	West_Asia
West_Asia	Ethnic_groups
List_of_states_with_limited_recognition	Micronation
Ukraine	Ukrainian_language
Ukrainian_language	Language_family
Index_of_politics_articles	Politics_by_country
Democrat_(disambiguation)	Democrat
Democracy	Liberal_democracy
Liberal_democracy	Democracy_indices
Athenian_democracy	Ancient_Agora_Museum
Flag_of_France	Tricolour_(flag)
Tricolour_(flag)	Triband_(flag)
Flag_of_France	Vexillological_symbol
Vexillological_symbol	De_jure
Tajikistan	Russian_language
Russian_language	Geographical_distribution_of_Russian_speakers
Constitutional_history_of_Greece	Human_rights_in_Greece
North_Africa	List_of_sovereign_states
Pella_(disambiguation)	Pella_(municipality)
Ancient_Agora_Museum	Geographic_coordinate_system
Independent_Albania	Himni_i_Flamurit
First_Hellenic_Republic	Flag_of_Greece
Languages_of_Greece	Regional_language
Philipp_Foltz	Peter_von_Cornelius
Peter_von_Cornelius	Nazarene_movement
Flag_of_Cuba	President_of_Cuba
French_language	Canada
Canada	Flag_of_Canada
Flag_of_Canada	Vexillological_symbol
Arcadian_League	Strategos
Strategos	Pericles
French_Imperial_Eagle	Napoleonic_Wars
Vexillological_symbol	Flag
Flag	National_flag
Vatican_City	Coat_of_arms_of_Vatican_City
Cyprus	Cyprus_(disambiguation)
Whitney_Smith	Arlington,_Massachusetts
Arlington,_Massachusetts	Latin
Nelson_Mandela	His_Excellency
His_Excellency	Excellency
Canton_of_Geneva	Cantons_of_Switzerland
Cantons_of_Switzerland	Italian_language
Rural_area	South_Australia
Poliochne	Livadochori,_Lemnos
Lake_Geneva	Geographic_coordinate_system
Nation	National_church
Arcadian_League	Arcadian_Greek
Anthem_of_the_21st_of_April	National_anthem
National_anthem	List_of_U.S._state_songs
Coat_of_arms_of_Greece	Blazon
Blazon	Heraldry
Human_rights_in_Greece	Convention_Relating_to_the_Status_of_Refugees
French_Imperial_Eagle	Paris
Paris	Communes_of_France
Acropolis	Citadel
Citadel	The_Citadel
League_of_Nations	Geneva
Index_of_politics_articles	Politics
Ensign_(flag)	Jack_(flag)
Jack_(flag)	Royal_Netherlands_Navy
Byzantine_Empire	Justinian_the_Great
Justinian_the_Great	Justinian_I
Bulgarian_language	Russia
Russia	Geographic_coordinate_system
Poliochne	Greek_language
Fillia_Makedon	VLSI
VLSI	Very_High_Speed_Integrated_Circuit
Quartz	Chemical_formula
Geneva_Spur	Mount_Everest
Mount_Everest	Nuptse
Pre-Greek_substrate	History_of_Greece
Byzantine_Greeks	Eastern_Orthodox_Church
Eastern_Orthodox_Church	Eastern_Christianity
Stripped_Classicism	Greco_Deco
Greco_Deco	Art_Deco_in_the_United_States
Art_Deco_in_the_United_States	Delano_South_Beach
Athenian_democracy	Ancient_Greece
Cook_Island_(disambiguation)	Cook_Island
Cook_Island	Cook_Island_(New_South_Wales)
Languages_of_Albania	Albanian_culture
Franchthi_Cave	Paleolithic
Coat_of_arms_of_Greece	Bay_laurel
Shirinsho_Shotemur	Shughnon_District
Shughnon_District	Russian_language
Geneva_Spur	Summit_(topography)
Third_Hellenic_Republic	History_of_the_Hellenic_Republic
Cantons_of_Switzerland	Districts_of_Switzerland
Autonomous_administrative_division	Sovereign_state
Anatolia	Republic_of_Turkey
Republic_of_Turkey	Turkey
Balkans	Musala
Musala	Lists_of_mountains
Federation	Confederation
Confederation	Confederation_(disambiguation)
Flag_of_Vatican_City	Vexillological_symbol
Leaflet_(software)	Repository_(version_control)
Pella_(disambiguation)	Pella,_Jordan
Pella,_Jordan	Federal_Amateur_Hockey_League
House_of_Menander	Geographic_coordinate_system
Macedon	Attic_Greek
Switzerland_(disambiguation)	The_World_(archipelago)
Bulgarian_language	North_Macedonia
List_of_administrative_divisions_by_country	Dependent_territory
National_Assembly_of_South_Africa	Xhosa_language
List_of_countries_by_apricot_production	Tonne
Type_site	Typology_(archaeology)
Language_family	Language
Language	Speech_scroll
History_of_modern_Greece	History_of_Greece
History_of_Greece	Neolithic_Greece
Flag_of_Vatican_City	History_of_Vatican_City
Paisley,_Renfrewshire	Administrative_centre
Tajikistan	Geographic_coordinate_system
Switzerland	Italian_language
Flag_of_North_Macedonia	National_ensign
Canada	Geographic_coordinate_system
Constitution_of_Greece	Government
Whitney_Smith	Peabody,_Massachusetts
Classical_Greece	Classical_antiquity
Earth_radius	Arc_measurement
Indo-European_(disambiguation)	Indo-European
Executive_(government)	Supreme_leader
Supreme_leader	Paramount_Leader
Flat_Earth	Modern_flat_Earth_beliefs
Athens	Athenian_(disambiguation)
Self-governance	Government_by_algorithm
United_States	Geographic_coordinate_system
History_of_modern_Greece	Aegean_civilization
Language	Language_(disambiguation)
List_of_countries_by_apricot_production	Apricot
Apricot	Vascular_plant
Earth_radius	System_of_measurement
List_of_largest_producing_countries_of_agricultural_commodities	Vegetation
Vergina	Barbes_(disambiguation)
Barbes_(disambiguation)	Barbes
Monaco	Monaco_(disambiguation)
Monaco_(disambiguation)	Monaco-Ville
Languages_of_Montenegro	Bosnian_language
Bosnian_language	Bosnia_(region)
Macedonia_(Greece)	Geographic_regions_of_Greece
Constitutional_history_of_Greece	President_of_Greece
Autonomous_administrative_division	Administrative_division
Administrative_division	Democracy
Flag_of_Macedonia_(Greece)	Civil_flag
Civil_flag	Flag_of_Peru
Belgium	Dutch_language
Dutch_language	Indonesia
Byzantine_Greeks	Population_of_the_Byzantine_Empire
Hymn_to_Liberty	Cyprus
Cyprus	Geographic_coordinate_system
Franchthi_Cave	Neolithic
San_Marino	Coat_of_arms_of_San_Marino
Indo-European_languages	Eurasia
Archaeology	Analysis
Micronation	Politics
List_of_ancient_Greek_tribes	Albanian_language
Computer_Science	Computer_science
Data_modeling	Conceptual_schema
Proto-Indo-European_language	Proto-Indo-Europeans
France	Geographic_coordinate_system
Type_site	Archaeological_culture
Archaeological_culture	Material_culture
Democrat_(disambiguation)	Democratic_Party_(Cyprus)
Greek_Dark_Ages	Mycenaean_Greece
Greco_Deco	Delano_South_Beach
Delano_South_Beach	Delano_Las_Vegas
Constitutional_history_of_Greece	Executive_(government)
Greeks	Germany
Germany	Geographic_coordinate_system
Palestine_(region)	Palaestina_Secunda
Ancient_Agora_Museum	Stoa_of_Attalos
Stoa_of_Attalos	Geographic_coordinate_system
Germany	Germany_(disambiguation)
Majoritarian_representation	Plurality_voting
Plurality_voting	Two-round_system
Municipalities_of_Switzerland	French_language
Monaco	Coat_of_arms_of_Monaco
Outline_of_political_science	Politics_of_country_subdivisions
Bosnian_language	Serbia
Yoruba_language	L1_speakers
German_language	Standard_German
Hikitia	Scotch_marine_boiler
Scotch_marine_boiler	Smokebox
Stripped_Classicism	Saint_Petersburg
Helios	Personification
De_jure	De_facto
Geographic_regions_of_Greece	Executive_(government)
Fillia_Makedon	Sensor_network
History_of_the_Hellenic_Republic	History_of_Greece
Royal_Standard_of_the_United_Kingdom	Flag
Spherical_Earth	The_World_is_Round_(disambiguation)
Country_(disambiguation)	Country_(identity)
Trapeza,_Crete	Neolithic
Golden_Larnax	Vergina
Administrative_division	Government
National_ensign	Ensign_(disambiguation)
Ensign_(disambiguation)	Ensign_(rank)
Flag_of_Cuba	Vexillological_symbol
Hymn_to_Liberty	Dionysios_Solomos
Dionysios_Solomos	United_States_of_the_Ionian_Islands
Cavaedium	Tablinum
Nation	Nationalism_in_the_Middle_Ages
Nationalism_in_the_Middle_Ages	National_emblem
National_emblem	Nation_state
Amyntas_I_of_Macedon	Alcetas_I_of_Macedon
Athene_(disambiguation)	Athene_(Cynuria)
Geoid	Figure_of_the_Earth
League_of_Nations	Intergovernmental_organization
Constitutional_history_of_Greece	Politics_of_Greece
Nea_Nikomedeia	Macedonia_(Greece)
Balkans	Geographic_coordinate_system
Democracy_(disambiguation)	Rechtsstaat
Franchthi_Cave	Argolis
Argolis	Argolis_(constituency)
Human_rights_in_Greece	Constitution_of_Greece
Earth_radius	Astronomy
County	Earl
Earl	Robes_of_the_British_peerage
Rhombicosidodecahedron	Conway_polyhedron_notation
Conway_polyhedron_notation	George_W._Hart
Territory	Outline_of_political_science
Country_(disambiguation)	Rural_area
Europe_(disambiguation)	European_Union
Lake_Geneva	Glacial_lake
Glacial_lake	Supraglacial_lake
Athena	Athena_(disambiguation)
Classical_architecture	Doric_order
Anthem_of_the_21st_of_April	Greek_Revolution
Federation	Federation_(disambiguation)
Federation_(disambiguation)	Federation_of_Arab_Republics
Russia	Coat_of_arms_of_Russia
Canada	Canada_(disambiguation)
Canada_(disambiguation)	Canada_House,_Sheffield
German_language	Germanic_languages
Germanic_languages	Southern_Africa
Mediterranean_Sea	North_Africa
Pre-Greek_substrate	Proto-Indo-European_language
Makedon_(mythology)	Ancient_Macedonians
Aegean_Sea	Geographic_coordinate_system
Majoritarian_representation	Plurality_block_voting
Plurality_block_voting	General_ticket
National_emblem_of_North_Macedonia	Tobacco
Electoral_system	Lower_house
Arcadian_League	Religion_in_ancient_Greece
Religion_in_ancient_Greece	Ancient_Greek_religion
Italian_language	Regional_Italian
Regional_Italian	Accademia_della_Crusca
Aegean_Sea	Aegean_Sea_(theme)
Aegean_Sea_(theme)	Theme_(country_subdivision)
History_of_modern_Greece	Neolithic_Greece
Cantons_of_Switzerland	French_language
Royal_Standard_of_the_United_Kingdom	Monarchy_of_the_United_Kingdom
Monarchy_of_the_United_Kingdom	Commonwealth_realm
National_church	National_parish
National_parish	Diocese
Geocode	Location
Troy_VIII	Troy_(disambiguation)
Troy_(disambiguation)	Troy
Executive_(government)	Monarch
Federation	Government
Government	Gov_(disambiguation)
List_of_countries_by_barley_production	Food_and_Agriculture_Organization_Corporate_Statistical_Database
Country_(disambiguation)	Countries_of_the_United_Kingdom
Monarchy_of_the_United_Kingdom	Sovereign_(British_coin)
Bulgaria	Flag_of_Bulgaria
Flag_of_Bulgaria	Vexillological_symbol
Gov_(disambiguation)	.gov
.gov	Sponsored_top-level_domain
Art_Deco	Century_of_Progress
Nation_state	Democracy
Coat_of_arms_of_Greece	President_of_Greece
Majoritarian_representation	Electoral_system
International_Federation_of_Vexillological_Associations	Houston
Languages_of_Greece	Cretan_Greek
Whitney_Smith	PhD
Art_Deco_in_the_United_States	Chrysler_Building
Fillia_Makedon	Graph_algorithm
Vegetation	Plant
Athena	Pallas_Athena_(disambiguation)
Pallas_Athena_(disambiguation)	Athena_(disambiguation)
Achaemenid_Macedonia	Attic_Greek_language
Attic_Greek_language	Aegean_Islands
Ecuador	Geographic_coordinate_system
Asia_Minor	Anatolia
North_Aegean	Decentralized_Administration_of_the_Aegean
Computer_programming	Software_development
Software_development	Requirements_analysis
Royal_Standard_of_the_United_Kingdom	Charles_III
Charles_III	Prince_Charles_(disambiguation)
Ukraine	Geographic_coordinate_system
Crete	Crete_(disambiguation)
Crete_(disambiguation)	Ancient_Crete
Livadochori,_Lemnos	Regional_units_of_Greece
Sortition	First-past-the-post_voting
International_Federation_of_Vexillological_Associations	President_(corporate_title)
President_(corporate_title)	Employment
List_of_administrative_divisions_by_country	Districts_of_Afghanistan
Districts_of_Afghanistan	Human_rights_in_Afghanistan
Computer_science	Computer_science_(disambiguation)
Constitutional_history_of_Greece	Constitution_of_Greece
Alepotrypa_cave	Stalagmite
Geocode	Code
Classical_Greece	Athena
Makedon_(mythology)	Greek_mythology
Greek_mythology	Dionysus
Flat_Earth	Orlando_Ferguson
Districts_of_Switzerland	Municipalities_of_Switzerland
Politics_of_Greece	Human_rights_in_Greece
Albania	Albania_(disambiguation)
Doric_Greek	Epirus
Government_(disambiguation)	Executive_(government)
Albania_(disambiguation)	Sanjak_of_Albania
Royal_Standard_of_the_United_Kingdom	Scotland
Scotland	Scotland_(disambiguation)
National_flag	Russian_Imperial_Standard
Switzerland_(disambiguation)	Switzerland_Township,_Monroe_County,_Ohio
Switzerland_Township,_Monroe_County,_Ohio	Geographic_coordinate_system
Bronze_Age	Bronze_Age_(disambiguation)
Macedon_railway_station,_Victoria	Geographic_coordinate_system
Eleftheria_i_thanatos	Captain_Michalis
Republic_of_Turkey	Turkey_(bird)
Hellenic_languages	Black_Sea
Language_family	Tree_model
Byzantine_Empire	Ancient_Greek_language
Ecclesia_(ancient_Athens)	Pnyx
Ecuador	Ecuador_(disambiguation)
Data_modeling	Requirement
Flag	Flag_of_Estonia
Elections_by_country	Direct_election
Treaty_of_Versailles	Hall_of_Mirrors
Hall_of_Mirrors	Palace_of_Versailles
History_of_geodesy	Geodetic_coordinates
Cretan_Greek	NASA
Philipp_Foltz	Franz_Hanfstaengl
Franz_Hanfstaengl	Munich
Language	Written_language
Stern	Ship
Ensign_(flag)	Hikitia
Bronze_Age	Ankara
National_emblem_of_North_Macedonia	Opium_poppy
Computer_Science	Computer_science_(disambiguation)
Computer_science_(disambiguation)	Computer_science
Form_of_government	Executive_(government)
History_of_the_Hellenic_Republic	Pelasgians
Flag_of_Vatican_City	Vatican_City
President_(corporate_title)	Executive_officer
Art_Deco	Art_Deco_(disambiguation)
Quartz	Silicate_mineral
Middle_East	MENA
Human_rights_in_Greece	Greece
Macedon,_Victoria	Victoria_(state)
Victoria_(state)	Geographic_coordinate_system
Outline_of_political_science	Politics_by_country
Flat_Earth	Flat_Earth_(disambiguation)
Uniform_polyhedron	Uniform_star_polyhedron
Eleftheria_i_thanatos	Greek_flag
Greek_flag	Flag_of_Greece
Sortition	Plurality_block_voting
Third_Hellenic_Republic	Flag_of_Greece
Vexillological_symbol	Vexillology
Vexillology	International_Federation_of_Vexillological_Associations
Palestinian_National_Authority	Coat_of_arms_of_Palestine
History_of_modern_Greece	Pelasgians
Romansh_language	Romang_language
Greek	Proto-Greek_language
Coxeter	Harold_Scott_MacDonald_Coxeter
Type_site	Archaeological_site
National_church	Nationalism
President_of_Greece	Presidential_Mansion,_Athens
Swiss_Confederation_(disambiguation)	Swiss_Confederation_(Napoleonic)
Swiss_Confederation_(Napoleonic)	Switzerland_in_the_Napoleonic_era
Monarchy_of_the_United_Kingdom	Charles_III
Albania	Geographic_coordinate_system
Albania	Coat_of_arms_of_Albania
List_of_international_rankings	List_of_countries_by_apple_production
List_of_countries_by_apple_production	Turkey
UN_(disambiguation)	U.N._(group)
Government_(disambiguation)	Governance
Governance	Government_by_algorithm
French_Imperial_Eagle	Imperial_Guard_(Napoleon_I)
Flag_of_Vatican_City	National_flag
Leaflet_(software)	Programmer
De_jure	Latin
Art_Deco	Architecture
Architecture	Florence_Cathedral
Tobacco	Tabacco_(disambiguation)
Gov_(disambiguation)	Gidi_Gov
Ancient_Macedonian_language	Macedonia_(ancient_kingdom)
Macedonia_(ancient_kingdom)	Attic_Greek
Proto-Indo-European	Proto-Indo-Europeans
Proto-Indo-Europeans	Eurasia
Geneva,_Alabama	List_of_counties_in_Alabama
List_of_counties_in_Alabama	Greene_County,_Alabama
Classical_Antiquity	Classical_antiquity
National_Archaeological_Museum_of_Athens	National_Archaeological_Museum,_Athens
Lake_Geneva	Lake_Geneva_(disambiguation)
Lake_Geneva_(disambiguation)	Lake_Geneva_(Minnesota)
Aegean_Sea	Sea
Doric_Greek	Doric_dialect_(Scotland)
Languages_of_Kosovo	Demographics_of_Kosovo
House_of_Menander	Pompeii
Ancient_Greek_dialects	Arcadocypriot_Greek
Repository_(version_control)	Mercurial
Latin_language	Ladin
Pericles	Pericles_with_the_Corinthian_helmet
Pericles_with_the_Corinthian_helmet	Geographic_coordinate_system
Ukraine	Ukraine_(disambiguation)
Ukraine_(disambiguation)	Ukrainian_Soviet_Socialist_Republic
Languages_of_Italy	Regional_Italian
De_jure	Government
Greek_junta	Coat_of_Arms_of_Greece
Coat_of_Arms_of_Greece	Coat_of_arms_of_Greece
Euler_characteristic	Seifert_fiber_space
Seifert_fiber_space	3-manifold
List_of_countries_by_apricot_production	Turkey
Cook_Island_(New_South_Wales)	Australia
Languages_of_Greece	Greek_language
Cantons_of_Switzerland	German_language
Figure_of_the_Earth	Geoid
Parthenon	Parthenon_(disambiguation)
Palestinian_National_Authority	Palestinian_enclaves
Palestinian_enclaves	Negev_Desert
Shirinsho_Shotemur	Tajikistani_somoni
Tajikistani_somoni	Denomination_(currency)
Mainland_Greece	Geography_of_Greece
Constitution_of_Greece	Unitary_state
Executive_(government)	President_(government_title)
Shirinsho_Shotemur	Emirate_of_Bukhara
Parthenon	Temple_of_Athena_(disambiguation)
Civil_flag	Defacement_(flag)
Presidential_system	Form_of_government
Lower_house	Legislature
Russian_Imperial_Standard	History_of_Russia
History_of_Russia	Russkaya_Pravda
Flag_of_the_Cook_Islands	Pasifika_Festival
Plurality_block_voting	First-past-the-post_voting
Ecuador	Equator
Greco_Deco	Streamliner
Democrat	Democratic_Party_(Cyprus)
National_emblem_of_North_Macedonia	Garland
Garland	Tinsel
Byzantine_Empire	Byzantine_(disambiguation)
Byzantine_(disambiguation)	Byzantine_architecture
Elections_by_country	Indirect_election
Indirect_election	Election
Geode_(disambiguation)	Geode_Capital_Management
Embassy_of_Germany,_Saint_Petersburg	Diplomatic_mission
Diplomatic_mission	Sovereign_Military_Order_of_Malta
List_of_states_with_limited_recognition	Polity
Polity	Policy
Palestinian_National_Authority	Gaza_Strip
Form_of_government	Gov_(disambiguation)
North_Aegean	Mytilene
Mytilene	Moria_(disambiguation)
President_of_Cuba	Style_(form_of_address)
Politics_of_Greece	Constitutional_history_of_Greece
List_of_countries_by_artichoke_production	Food_and_Agriculture_Organization_Corporate_Statistical_Database
Russia	Flag_of_Russia
Philip_II_of_Macedon	Alexander_the_Great
National_parish	Particular_Church
Unity_makes_strength	Unity_is_Strength
Executive_(government)	President_of_the_Council_of_State
Achaean_Doric_Greek	Achaea
Mediterranean_Sea	Geographic_coordinate_system
Arabic_language	Arabic_(disambiguation)
House_of_Menander	Roman_Empire
Attic_Greek_language	Attica
United_Nations	United_Nations_(disambiguation)
United_Nations_(disambiguation)	United_Nations_(band)
Modern_Greek	Albania
Nationalism_in_the_Middle_Ages	National_anthem
Flag_of_France	Gilbert_du_Motier,_Marquis_de_Lafayette
Pericles	Vatican_Museums
Classical_Greece	Parthenon
Saint_Petersburg	Saint_Petersburg_(disambiguation)
List_of_countries_by_apple_production	Food_and_Agriculture_Organization_Corporate_Statistical_Database
Food_and_Agriculture_Organization_Corporate_Statistical_Database	Food_and_Agriculture_Organization
Geneva_Spur	Mountain_range
Anatolia	Southeastern_Anatolia_Region
Minoan_civilization	Crete
Constitutional_monarchy	Monarchism
Form_of_government	Presidential_system
Europe	Purchasing_power_parity
Purchasing_power_parity	Purchasing_power
Nea_Nikomedeia	Geographic_coordinate_system
Outline_of_political_science	Political_economy
Russian_Imperial_Standard	Tsardom_of_Russia
Tsardom_of_Russia	Coat_of_arms_of_Russia
Russia	Russia_(disambiguation)
Ensign_(disambiguation)	Ensign,_Alberta
Languages_of_Albania	Albanian_Principalities
Albanian_Principalities	Albanian_principalities
Self-governance	Governance
Italiano_(disambiguation)	Italiana_(album)
Whitney_Smith	Harvard_University
Harvard_University	Latin
Archaic_Greece	Aegean_civilization
Languages_of_Greece	Official_language
Switzerland_Township,_Monroe_County,_Ohio	Frederick_Kindleberger_Stone_House_and_Barn
Belgium	Belgium_(disambiguation)
Belgium_(disambiguation)	Belgium_(town),_Wisconsin
Canada_(disambiguation)	Canada_House_(Berlin)
Russian_Imperial_Standard	List_of_Russian_flags
County	County_(disambiguation)
County_(disambiguation)	County_(Taiwan)
List_of_ancient_Greek_tribes	Armenian_language
Armenian_language	Armenian_alphabet
Yoruba_language	Yoruba_people
Archaic_Greece	History_of_Greece
Greeks	Greeks_(disambiguation)
Nation_(disambiguation)	Nation_Peak
Ensign_(disambiguation)	Ensign
Genetic_relationship_(linguistics)	Genetics
Vexillology	Flag
Flag	United_Nations
List_of_ancient_Greek_tribes	Indo-European_languages
Yoruba_language	Togo
Vergina	Geographic_coordinate_system
North_Macedonia	Denes_nad_Makedonija
Majority_rule	Democracy_indices
Saint_Petersburg	Petrograd_(disambiguation)
Address_geocoding	Geotagging
Swiss_Confederation_(disambiguation)	Swiss_Confederation
Swiss_Confederation	German_language
Territory	Territory_(disambiguation)
National_church	Christian_nationalism
Figure_of_the_Earth	Geodesy
Bulgaria	Bulgaria_(disambiguation)
Hymn_to_Liberty	U.S._Navy_Band
U.S._Navy_Band	Washington_Navy_Yard
Programming_language_theory	Model_of_computation
Hellenic_languages	Cyprus
Proto-language	Historical_linguistics
Canada_(disambiguation)	Canada_Dock
Food_and_Agriculture_Organization_Corporate_Statistical_Database	Time_series
Bulgarian_language	Bulgar_language
Bulgar_language	Danube
Geneva_Lake	Wisconsin
Wisconsin	U.S._state
Graph_algorithm	Algorithm
Typology_(archaeology)	Artifact_(archaeology)
Monaco	Ligurian_(Romance_language)
Elections_by_country	Election
Saint_Petersburg	St._Petersburg,_Florida
St._Petersburg,_Florida	Geographic_coordinate_system
Switzerland_(disambiguation)	Switzerland,_Florida
Switzerland,_Florida	Unincorporated_area
Dushanbe	Supreme_Assembly_(Tajikistan)
Supreme_Assembly_(Tajikistan)	National_Assembly_of_Tajikistan
Helios	Helois
President_of_Greece	Style_(form_of_address)
U.S._Navy_Band	United_States_Navy_Band
Lhotse	Geographic_coordinate_system
National_emblem_of_North_Macedonia	Armiger
Armiger	Heraldry
List_of_current_heads_of_state_and_government	World_Leaders
Canada	A_mari_usque_ad_mare
A_mari_usque_ad_mare	Motto
Nation_(disambiguation)	Nation_Mountain
Nation_Mountain	Topographic_prominence
National_church	State_church
State_church	State_religion
2016_Australian_census	2011_Australian_census
Golden_Larnax	Argead_dynasty
Nation_state	Government
President_of_Greece	Official_residence
Languages_of_Montenegro	Regional_language
Garland	Knot
UN_(disambiguation)	Lum_Choar
Latin_language	Latin_(disambiguation)
Latin_(disambiguation)	Latin
Flag_of_the_Cook_Islands	State_flag
Hellenic_languages	Greece
Athens	Capital_city
Armiger	Achievement_(heraldry)
Form_of_government	Semi-presidential_republic
Semi-presidential_republic	Parliamentary_confidence
List_of_countries_by_artichoke_production	Tonne
Tonne	Ton
Vexillology	List_of_vexillologists
Paraguay	Geographic_coordinate_system
Self-governance	Bad_governance
Bad_governance	Good_governance
Autonomy	Morality
Italy	Flag_of_Italy
Imperial_Guard_(Napoleon_I)	Grenadier
Stern	Transom_(nautical)
Regional_language	Federated_state
Proto-Indo-Europeans	Linguistic_reconstruction
Doric_Greek	Ozolian_Locris
Ozolian_Locris	Ancient_Greek_language
List_of_vexillologists	William_Crampton
Golden_Larnax	Philip_II_of_Macedon
Cook_Island	Kiritimati
Achaemenid_Macedonia	Greco-Persian_Wars
Greco-Persian_Wars	Persian_Wars_(disambiguation)
Computer_science_(disambiguation)	Computer_Science_(UIL)
Geodynamics	Geodetic_coordinates
Semi-presidential_republic	Parliamentary_republic
Yoruba_language	Nigeria
Embassy_of_Germany,_Saint_Petersburg	Saint_Petersburg
Byzantine_Greeks	Byzantine_Empire
Direct_election	By-election
Trapeza,_Crete	Bronze_Age
Parthenon	Temple
Sedimentary_rock	Biogenous_sediment
Indo-European_(disambiguation)	Indo_people
